{
  "lane": "accurate",
  "num_queries": 50,
  "precision_at_5": 0.10800000000000001,
  "recall_at_20": 0.98,
  "mrr_at_10": 0.18133333333333332,
  "ndcg_at_10": 0.36889201434689206,
  "coverage": 0.42,
  "latency_ms_p95": 2350.803852081299,
  "diversity_avg_top8": 6.78,
  "stones_alignment": 0.56,
  "grounding_1to5": 2.378160571081346,
  "hallucination_rate": 0.0
}