{
  "lane": "fast",
  "num_queries": 50,
  "precision_at_5": 0.08,
  "recall_at_20": 0.82,
  "mrr_at_10": 0.2311111111111111,
  "ndcg_at_10": 0.3174127931754064,
  "coverage": 0.46,
  "latency_ms_p95": 1164.060115814209,
  "diversity_avg_top8": 7.38,
  "stones_alignment": 0.62,
  "grounding_1to5": 2.2900214546414737,
  "hallucination_rate": 0.0
}